Parameter,Value
epsilon,3.310284873711327
phi,4.429808468951507
alpha,0.6
sigma,4.0
psi,0.43073333333333336
