Parameter,Value
epsilon,3.1304548772957297
phi,3.9783362029140705
alpha,0.6
sigma,4.0
psi,0.43
