Parameter,Value
epsilon,3.135795041441956
phi,3.9797599518994926
