Parameter,Value
epsilon,3.1055552730724476
phi,3.9783362029140705
