gravity_slope,-1.292203887
psi,0.430734629
